INSERT INTO CUSTOMER (email, password, id, name, balance) VALUES ('a', 'a', 1, 'quicklogin', 100)
INSERT INTO CUSTOMER (email, password, id, name, balance) VALUES ('test_user@epam.com', 'XpQC6C4bfqF4ds', 2, 'Test User', 100)
INSERT INTO CUSTOMER (email, password, id, name, balance) VALUES ('test_user1@epam.com', 'KMtEd2YQmM84EP', 3, 'Test User 1', 0)
INSERT INTO CUSTOMER (email, password, id, name, balance) VALUES ('test_user2@epam.com', 'aZYyrmsmQ5PTcf', 4, 'Test User 2', 50)
INSERT INTO CUSTOMER (email, password, id, name, balance) VALUES ('test_user3@epam.com', 'xMWsiLqu6Yph2u', 5, 'Test User 3', 16.1)
INSERT INTO CUSTOMER (email, password, id, name, balance) VALUES ('test_user4@epam.com', 'qMDQX9m9xn2mAH', 6, 'Test User 4', 200)
INSERT INTO CUSTOMER (email, password, id, name, balance) VALUES ('test_user5@epam.com', 'e3RZjfcWbH3VvR', 7, 'Test User 5', 1)
INSERT INTO CUSTOMER (email, password, id, name, balance) VALUES ('test_user6@epam.com', 'dcpxZX3V6NJ5E3', 8, 'Test User 6', 9)
INSERT INTO CUSTOMER (email, password, id, name, balance) VALUES ('test_user7@epam.com', 'umuQ8meYRDTA39', 9, 'Test User 7', 66)
INSERT INTO CUSTOMER (email, password, id, name, balance) VALUES ('test_user8@epam.com', 'rDbYUYd7avU47A', 10, 'Test User 8', 1000)
INSERT INTO CUSTOMER (email, password, id, name, balance) VALUES ('test_user9@epam.com', 'gG3pdVYdQoVVFS', 11, 'Test User 9', 0)
INSERT INTO CUSTOMER (email, password, id, name, balance) VALUES ('test_user10@epam.com', '6v6UwWzkyxw9oZ', 12, 'Test User 10', 63)
INSERT INTO CUSTOMER (email, password, id, name, balance) VALUES ('test_user11@epam.com', 'Lo5DfPiAgqkmGx', 13, 'Test User 11', 31)
INSERT INTO CUSTOMER (email, password, id, name, balance) VALUES ('test_user12@epam.com', 'dwqPk5Y3KUdEPa', 14, 'Test User 12', 86)
INSERT INTO CUSTOMER (email, password, id, name, balance) VALUES ('test_user13@epam.com', '5wxKVBHZxzTL7r', 15, 'Test User 13', 32.9)
INSERT INTO CUSTOMER (email, password, id, name, balance) VALUES ('test_user14@epam.com', 'Fv84dVypppzUQF', 16, 'Test User 14', 24)
INSERT INTO CUSTOMER (email, password, id, name, balance) VALUES ('test_user15@epam.com', 'LWyjr58n9wbHqU', 17, 'Test User 15', 3)
INSERT INTO CUSTOMER (email, password, id, name, balance) VALUES ('test_user16@epam.com', 'yQnVdt2hYhB5Fp', 18, 'Test User 16', 356)
INSERT INTO CUSTOMER (email, password, id, name, balance) VALUES ('test_user17@epam.com', 'xx7hfcrcLSr979', 19, 'Test User 17', 354.68)
INSERT INTO CUSTOMER (email, password, id, name, balance) VALUES ('test_user18@epam.com', 't8bkVh79CZ84EK', 20, 'Test User 18', 96.14)

INSERT INTO FOOD (id, name, calorie, description, price, category) VALUES (1, 'Fideua', 558, 'Fideua', 15, 'MEAL')
INSERT INTO FOOD (id, name, calorie, description, price, category) VALUES (2, 'Paella', 379, 'Paella', 13, 'MEAL')
INSERT INTO FOOD (id, name, calorie, description, price, category) VALUES (3, 'Tortilla', 278, 'Tortilla', 10, 'MEAL')
INSERT INTO FOOD (id, name, calorie, description, price, category) VALUES (4, 'Gazpacho', 162, 'Gazpacho', 8, 'MEAL')
INSERT INTO FOOD (id, name, calorie, description, price, category) VALUES (5, 'Quesadilla', 470, 'Quesadilla', 13, 'MEAL')

INSERT INTO _ORDER (id, customer_id, timestamp_created, price) VALUES (1, 20, '2019-06-28 23:09', 36)
INSERT INTO _ORDER (id, customer_id, timestamp_created, price) VALUES (2, 10, '2021-12-11 15:29', 91)
INSERT INTO _ORDER (id, customer_id, timestamp_created, price) VALUES (3, 6, '2020-08-20 04:30', 39)
INSERT INTO _ORDER (id, customer_id, timestamp_created, price) VALUES (4, 16, '2019-09-11 02:03', 114)
INSERT INTO _ORDER (id, customer_id, timestamp_created, price) VALUES (5, 20, '2019-08-28 17:17', 42)
INSERT INTO _ORDER (id, customer_id, timestamp_created, price) VALUES (6, 10, '2019-08-02 22:09', 30)
INSERT INTO _ORDER (id, customer_id, timestamp_created, price) VALUES (7, 11, '2021-06-26 15:54', 106)
INSERT INTO _ORDER (id, customer_id, timestamp_created, price) VALUES (8, 12, '2021-05-04 18:27', 80)
INSERT INTO _ORDER (id, customer_id, timestamp_created, price) VALUES (9, 6, '2020-07-21 21:17', 113)
INSERT INTO _ORDER (id, customer_id, timestamp_created, price) VALUES (10, 15, '2019-08-02 03:33', 39)
INSERT INTO _ORDER (id, customer_id, timestamp_created, price) VALUES (11, 8, '2021-03-14 04:17', 13)
INSERT INTO _ORDER (id, customer_id, timestamp_created, price) VALUES (12, 6, '2021-06-28 18:52', 89)
INSERT INTO _ORDER (id, customer_id, timestamp_created, price) VALUES (13, 8, '2019-09-03 11:13', 10)
INSERT INTO _ORDER (id, customer_id, timestamp_created, price) VALUES (14, 2, '2019-06-11 11:57', 42)
INSERT INTO _ORDER (id, customer_id, timestamp_created, price) VALUES (15, 11, '2021-09-28 08:02', 29)
INSERT INTO _ORDER (id, customer_id, timestamp_created, price) VALUES (16, 10, '2019-08-30 09:57', 39)
INSERT INTO _ORDER (id, customer_id, timestamp_created, price) VALUES (17, 9, '2020-06-15 16:02', 45)
INSERT INTO _ORDER (id, customer_id, timestamp_created, price) VALUES (18, 5, '2019-08-21 22:21', 30)
INSERT INTO _ORDER (id, customer_id, timestamp_created, price) VALUES (19, 5, '2021-07-08 09:20', 96)
INSERT INTO _ORDER (id, customer_id, timestamp_created, price) VALUES (20, 12, '2020-02-17 12:23', 62)
INSERT INTO _ORDER (id, customer_id, timestamp_created, price) VALUES (21, 9, '2021-12-02 23:00', 111)
INSERT INTO _ORDER (id, customer_id, timestamp_created, price) VALUES (22, 2, '2020-01-18 21:36', 28)
INSERT INTO _ORDER (id, customer_id, timestamp_created, price) VALUES (23, 8, '2021-07-14 23:53', 63)
INSERT INTO _ORDER (id, customer_id, timestamp_created, price) VALUES (24, 11, '2020-12-06 22:20', 72)
INSERT INTO _ORDER (id, customer_id, timestamp_created, price) VALUES (25, 18, '2020-09-01 00:28', 41)
INSERT INTO _ORDER (id, customer_id, timestamp_created, price) VALUES (26, 17, '2021-10-29 16:53', 20)
INSERT INTO _ORDER (id, customer_id, timestamp_created, price) VALUES (27, 20, '2020-08-01 14:13', 30)
INSERT INTO _ORDER (id, customer_id, timestamp_created, price) VALUES (28, 13, '2021-03-10 10:22', 75)
INSERT INTO _ORDER (id, customer_id, timestamp_created, price) VALUES (29, 8, '2020-04-18 17:24', 30)
INSERT INTO _ORDER (id, customer_id, timestamp_created, price) VALUES (30, 5, '2019-05-06 01:22', 92)
INSERT INTO _ORDER (id, customer_id, timestamp_created, price) VALUES (31, 2, '2019-09-11 14:23', 104)
INSERT INTO _ORDER (id, customer_id, timestamp_created, price) VALUES (32, 3, '2021-01-29 15:32', 81)
INSERT INTO _ORDER (id, customer_id, timestamp_created, price) VALUES (33, 18, '2021-03-19 19:48', 13)
INSERT INTO _ORDER (id, customer_id, timestamp_created, price) VALUES (34, 10, '2019-12-03 05:37', 56)
INSERT INTO _ORDER (id, customer_id, timestamp_created, price) VALUES (35, 19, '2020-11-10 13:42', 95)
INSERT INTO _ORDER (id, customer_id, timestamp_created, price) VALUES (36, 11, '2021-10-15 20:23', 41)
INSERT INTO _ORDER (id, customer_id, timestamp_created, price) VALUES (37, 20, '2021-11-19 16:03', 105)
INSERT INTO _ORDER (id, customer_id, timestamp_created, price) VALUES (38, 14, '2020-09-25 17:36', 79)
INSERT INTO _ORDER (id, customer_id, timestamp_created, price) VALUES (39, 19, '2019-05-04 22:02', 56)
INSERT INTO _ORDER (id, customer_id, timestamp_created, price) VALUES (40, 17, '2021-01-24 21:15', 91)

INSERT INTO ORDER_ITEM (id, order_id, food_id, pieces, price) VALUES (1, 1, 3, 2, 20)
INSERT INTO ORDER_ITEM (id, order_id, food_id, pieces, price) VALUES (2, 1, 4, 2, 16)
INSERT INTO ORDER_ITEM (id, order_id, food_id, pieces, price) VALUES (3, 2, 4, 2, 16)
INSERT INTO ORDER_ITEM (id, order_id, food_id, pieces, price) VALUES (4, 2, 2, 2, 26)
INSERT INTO ORDER_ITEM (id, order_id, food_id, pieces, price) VALUES (5, 2, 5, 3, 39)
INSERT INTO ORDER_ITEM (id, order_id, food_id, pieces, price) VALUES (6, 2, 3, 1, 10)
INSERT INTO ORDER_ITEM (id, order_id, food_id, pieces, price) VALUES (7, 3, 5, 2, 26)
INSERT INTO ORDER_ITEM (id, order_id, food_id, pieces, price) VALUES (8, 3, 2, 1, 13)
INSERT INTO ORDER_ITEM (id, order_id, food_id, pieces, price) VALUES (9, 4, 1, 3, 45)
INSERT INTO ORDER_ITEM (id, order_id, food_id, pieces, price) VALUES (10, 4, 2, 1, 13)
INSERT INTO ORDER_ITEM (id, order_id, food_id, pieces, price) VALUES (11, 4, 5, 2, 26)
INSERT INTO ORDER_ITEM (id, order_id, food_id, pieces, price) VALUES (12, 4, 3, 3, 30)
INSERT INTO ORDER_ITEM (id, order_id, food_id, pieces, price) VALUES (13, 5, 4, 2, 16)
INSERT INTO ORDER_ITEM (id, order_id, food_id, pieces, price) VALUES (14, 5, 2, 2, 26)
INSERT INTO ORDER_ITEM (id, order_id, food_id, pieces, price) VALUES (15, 6, 3, 3, 30)
INSERT INTO ORDER_ITEM (id, order_id, food_id, pieces, price) VALUES (16, 7, 1, 2, 30)
INSERT INTO ORDER_ITEM (id, order_id, food_id, pieces, price) VALUES (17, 7, 5, 1, 13)
INSERT INTO ORDER_ITEM (id, order_id, food_id, pieces, price) VALUES (18, 7, 4, 3, 24)
INSERT INTO ORDER_ITEM (id, order_id, food_id, pieces, price) VALUES (19, 7, 2, 3, 39)
INSERT INTO ORDER_ITEM (id, order_id, food_id, pieces, price) VALUES (20, 8, 3, 3, 30)
INSERT INTO ORDER_ITEM (id, order_id, food_id, pieces, price) VALUES (21, 8, 2, 1, 13)
INSERT INTO ORDER_ITEM (id, order_id, food_id, pieces, price) VALUES (22, 8, 4, 3, 24)
INSERT INTO ORDER_ITEM (id, order_id, food_id, pieces, price) VALUES (23, 8, 5, 1, 13)
INSERT INTO ORDER_ITEM (id, order_id, food_id, pieces, price) VALUES (24, 9, 5, 3, 39)
INSERT INTO ORDER_ITEM (id, order_id, food_id, pieces, price) VALUES (25, 9, 1, 2, 30)
INSERT INTO ORDER_ITEM (id, order_id, food_id, pieces, price) VALUES (26, 9, 4, 3, 24)
INSERT INTO ORDER_ITEM (id, order_id, food_id, pieces, price) VALUES (27, 9, 3, 2, 20)
INSERT INTO ORDER_ITEM (id, order_id, food_id, pieces, price) VALUES (28, 10, 5, 3, 39)
INSERT INTO ORDER_ITEM (id, order_id, food_id, pieces, price) VALUES (29, 11, 5, 1, 13)
INSERT INTO ORDER_ITEM (id, order_id, food_id, pieces, price) VALUES (30, 12, 2, 3, 39)
INSERT INTO ORDER_ITEM (id, order_id, food_id, pieces, price) VALUES (31, 12, 5, 2, 26)
INSERT INTO ORDER_ITEM (id, order_id, food_id, pieces, price) VALUES (32, 12, 4, 3, 24)
INSERT INTO ORDER_ITEM (id, order_id, food_id, pieces, price) VALUES (33, 13, 3, 1, 10)
INSERT INTO ORDER_ITEM (id, order_id, food_id, pieces, price) VALUES (34, 14, 4, 2, 16)
INSERT INTO ORDER_ITEM (id, order_id, food_id, pieces, price) VALUES (35, 14, 2, 1, 13)
INSERT INTO ORDER_ITEM (id, order_id, food_id, pieces, price) VALUES (36, 14, 5, 1, 13)
INSERT INTO ORDER_ITEM (id, order_id, food_id, pieces, price) VALUES (37, 15, 4, 2, 16)
INSERT INTO ORDER_ITEM (id, order_id, food_id, pieces, price) VALUES (38, 15, 2, 1, 13)
INSERT INTO ORDER_ITEM (id, order_id, food_id, pieces, price) VALUES (39, 16, 5, 3, 39)
INSERT INTO ORDER_ITEM (id, order_id, food_id, pieces, price) VALUES (40, 17, 1, 3, 45)
INSERT INTO ORDER_ITEM (id, order_id, food_id, pieces, price) VALUES (41, 18, 3, 3, 30)
INSERT INTO ORDER_ITEM (id, order_id, food_id, pieces, price) VALUES (42, 19, 4, 1, 8)
INSERT INTO ORDER_ITEM (id, order_id, food_id, pieces, price) VALUES (43, 19, 5, 1, 13)
INSERT INTO ORDER_ITEM (id, order_id, food_id, pieces, price) VALUES (44, 19, 3, 3, 30)
INSERT INTO ORDER_ITEM (id, order_id, food_id, pieces, price) VALUES (45, 19, 1, 3, 45)
INSERT INTO ORDER_ITEM (id, order_id, food_id, pieces, price) VALUES (46, 20, 4, 3, 24)
INSERT INTO ORDER_ITEM (id, order_id, food_id, pieces, price) VALUES (47, 20, 2, 1, 13)
INSERT INTO ORDER_ITEM (id, order_id, food_id, pieces, price) VALUES (48, 20, 1, 1, 15)
INSERT INTO ORDER_ITEM (id, order_id, food_id, pieces, price) VALUES (49, 20, 3, 1, 10)
INSERT INTO ORDER_ITEM (id, order_id, food_id, pieces, price) VALUES (50, 21, 4, 2, 16)
INSERT INTO ORDER_ITEM (id, order_id, food_id, pieces, price) VALUES (51, 21, 5, 3, 39)
INSERT INTO ORDER_ITEM (id, order_id, food_id, pieces, price) VALUES (52, 21, 2, 2, 26)
INSERT INTO ORDER_ITEM (id, order_id, food_id, pieces, price) VALUES (53, 21, 1, 2, 30)
INSERT INTO ORDER_ITEM (id, order_id, food_id, pieces, price) VALUES (54, 22, 3, 2, 20)
INSERT INTO ORDER_ITEM (id, order_id, food_id, pieces, price) VALUES (55, 22, 4, 1, 8)
INSERT INTO ORDER_ITEM (id, order_id, food_id, pieces, price) VALUES (56, 23, 1, 3, 45)
INSERT INTO ORDER_ITEM (id, order_id, food_id, pieces, price) VALUES (57, 23, 4, 1, 8)
INSERT INTO ORDER_ITEM (id, order_id, food_id, pieces, price) VALUES (58, 23, 3, 1, 10)
INSERT INTO ORDER_ITEM (id, order_id, food_id, pieces, price) VALUES (59, 24, 3, 1, 10)
INSERT INTO ORDER_ITEM (id, order_id, food_id, pieces, price) VALUES (60, 24, 2, 3, 39)
INSERT INTO ORDER_ITEM (id, order_id, food_id, pieces, price) VALUES (61, 24, 1, 1, 15)
INSERT INTO ORDER_ITEM (id, order_id, food_id, pieces, price) VALUES (62, 24, 4, 1, 8)
INSERT INTO ORDER_ITEM (id, order_id, food_id, pieces, price) VALUES (63, 25, 4, 1, 8)
INSERT INTO ORDER_ITEM (id, order_id, food_id, pieces, price) VALUES (64, 25, 2, 1, 13)
INSERT INTO ORDER_ITEM (id, order_id, food_id, pieces, price) VALUES (65, 25, 3, 2, 20)
INSERT INTO ORDER_ITEM (id, order_id, food_id, pieces, price) VALUES (66, 26, 3, 2, 20)
INSERT INTO ORDER_ITEM (id, order_id, food_id, pieces, price) VALUES (67, 27, 3, 3, 30)
INSERT INTO ORDER_ITEM (id, order_id, food_id, pieces, price) VALUES (68, 28, 5, 2, 26)
INSERT INTO ORDER_ITEM (id, order_id, food_id, pieces, price) VALUES (69, 28, 2, 3, 39)
INSERT INTO ORDER_ITEM (id, order_id, food_id, pieces, price) VALUES (70, 28, 3, 1, 10)
INSERT INTO ORDER_ITEM (id, order_id, food_id, pieces, price) VALUES (71, 29, 3, 3, 30)
INSERT INTO ORDER_ITEM (id, order_id, food_id, pieces, price) VALUES (72, 30, 5, 1, 13)
INSERT INTO ORDER_ITEM (id, order_id, food_id, pieces, price) VALUES (73, 30, 2, 2, 26)
INSERT INTO ORDER_ITEM (id, order_id, food_id, pieces, price) VALUES (74, 30, 4, 1, 8)
INSERT INTO ORDER_ITEM (id, order_id, food_id, pieces, price) VALUES (75, 30, 1, 3, 45)
INSERT INTO ORDER_ITEM (id, order_id, food_id, pieces, price) VALUES (76, 31, 2, 3, 39)
INSERT INTO ORDER_ITEM (id, order_id, food_id, pieces, price) VALUES (77, 31, 1, 1, 15)
INSERT INTO ORDER_ITEM (id, order_id, food_id, pieces, price) VALUES (78, 31, 5, 2, 26)
INSERT INTO ORDER_ITEM (id, order_id, food_id, pieces, price) VALUES (79, 31, 4, 3, 24)
INSERT INTO ORDER_ITEM (id, order_id, food_id, pieces, price) VALUES (80, 32, 4, 2, 16)
INSERT INTO ORDER_ITEM (id, order_id, food_id, pieces, price) VALUES (81, 32, 5, 2, 26)
INSERT INTO ORDER_ITEM (id, order_id, food_id, pieces, price) VALUES (82, 32, 2, 3, 39)
INSERT INTO ORDER_ITEM (id, order_id, food_id, pieces, price) VALUES (83, 33, 5, 1, 13)
INSERT INTO ORDER_ITEM (id, order_id, food_id, pieces, price) VALUES (84, 34, 1, 2, 30)
INSERT INTO ORDER_ITEM (id, order_id, food_id, pieces, price) VALUES (85, 34, 5, 2, 26)
INSERT INTO ORDER_ITEM (id, order_id, food_id, pieces, price) VALUES (86, 35, 1, 2, 30)
INSERT INTO ORDER_ITEM (id, order_id, food_id, pieces, price) VALUES (87, 35, 3, 1, 10)
INSERT INTO ORDER_ITEM (id, order_id, food_id, pieces, price) VALUES (88, 35, 5, 3, 39)
INSERT INTO ORDER_ITEM (id, order_id, food_id, pieces, price) VALUES (89, 35, 4, 2, 16)
INSERT INTO ORDER_ITEM (id, order_id, food_id, pieces, price) VALUES (90, 36, 1, 1, 15)
INSERT INTO ORDER_ITEM (id, order_id, food_id, pieces, price) VALUES (91, 36, 2, 2, 26)
INSERT INTO ORDER_ITEM (id, order_id, food_id, pieces, price) VALUES (92, 37, 2, 3, 39)
INSERT INTO ORDER_ITEM (id, order_id, food_id, pieces, price) VALUES (93, 37, 1, 2, 30)
INSERT INTO ORDER_ITEM (id, order_id, food_id, pieces, price) VALUES (94, 37, 5, 2, 26)
INSERT INTO ORDER_ITEM (id, order_id, food_id, pieces, price) VALUES (95, 37, 3, 1, 10)
INSERT INTO ORDER_ITEM (id, order_id, food_id, pieces, price) VALUES (96, 38, 2, 3, 39)
INSERT INTO ORDER_ITEM (id, order_id, food_id, pieces, price) VALUES (97, 38, 3, 1, 10)
INSERT INTO ORDER_ITEM (id, order_id, food_id, pieces, price) VALUES (98, 38, 1, 2, 30)
INSERT INTO ORDER_ITEM (id, order_id, food_id, pieces, price) VALUES (99, 39, 1, 2, 30)
INSERT INTO ORDER_ITEM (id, order_id, food_id, pieces, price) VALUES (100, 39, 2, 2, 26)
INSERT INTO ORDER_ITEM (id, order_id, food_id, pieces, price) VALUES (101, 40, 1, 3, 45)
INSERT INTO ORDER_ITEM (id, order_id, food_id, pieces, price) VALUES (102, 40, 3, 2, 20)
INSERT INTO ORDER_ITEM (id, order_id, food_id, pieces, price) VALUES (103, 40, 5, 2, 26)
